Step,Time_s,Li_Metal,LiFSI,FSDEE,F_Ion,O_Ion
0,0,600,2876,9468,0,0
100,7.08084e-17,600,2874,9457,2,11
200,1.35423e-16,600,2870,9446,6,22
300,2.02799e-16,600,2869,9437,7,31
400,2.77802e-16,600,2867,9425,9,43
500,3.53526e-16,600,2863,9419,13,49
600,4.1304e-16,600,2862,9410,14,58
700,4.72021e-16,600,2862,9401,14,67
800,5.31173e-16,600,2859,9393,17,75
900,5.98014e-16,600,2856,9385,20,83
1000,6.63368e-16,600,2851,9380,25,88
